toldWhatToDo,engagerMovingWorker,workerDecidingHowWorkIsDone,whenWorkHasToBeDone,workerDecideWhere,CarryOverValue,Exit,CarryOverFactName
No,No,workingSetInstructions,workinPatternRegularHoursToAgreedDeadlines,cannotFixWorkerLocation,MEDIUM,FALSE,
No,No,workingSetInstructions,workinPatternRegularHoursToAgreedDeadlines,couldFixWorkerLocation,MEDIUM,FALSE,
No,No,workingSetInstructions,workingPatternAgreed,cannotFixWorkerLocation,MEDIUM,FALSE,
No,No,workingSetInstructions,workingPatternAgreed,couldFixWorkerLocation,MEDIUM,FALSE,
No,No,workingSetInstructions,noDefinedWorkingPattern,cannotFixWorkerLocation,MEDIUM,FALSE,workPatternImpact
No,No,workingSetInstructions,noDefinedWorkingPattern,couldFixWorkerLocation,MEDIUM,FALSE,workPatternImpact
No,No,workingSetInstructions,workinPatternAgreedDeadlines,cannotFixWorkerLocation,MEDIUM,FALSE,workPatternImpact
No,No,workingSetInstructions,workinPatternAgreedDeadlines,couldFixWorkerLocation,MEDIUM,FALSE,workPatternImpact
No,No,workerCanGetInstructed,workinPatternRegularHoursToAgreedDeadlines,cannotFixWorkerLocation,MEDIUM,FALSE,
No,No,workerCanGetInstructed,workinPatternRegularHoursToAgreedDeadlines,couldFixWorkerLocation,MEDIUM,FALSE,
No,No,workerCanGetInstructed,workingPatternAgreed,cannotFixWorkerLocation,MEDIUM,FALSE,
No,No,workerCanGetInstructed,workingPatternAgreed,couldFixWorkerLocation,MEDIUM,FALSE,
No,No,workerCanGetInstructed,noDefinedWorkingPattern,cannotFixWorkerLocation,MEDIUM,FALSE,workPatternImpact
No,No,workerCanGetInstructed,noDefinedWorkingPattern,couldFixWorkerLocation,MEDIUM,FALSE,workPatternImpact
No,No,workerCanGetInstructed,workinPatternAgreedDeadlines,cannotFixWorkerLocation,MEDIUM,FALSE,workPatternImpact
No,No,workerCanGetInstructed,workinPatternAgreedDeadlines,couldFixWorkerLocation,MEDIUM,FALSE,workPatternImpact
No,No,workerDecidesToClientSatisfaction,workinPatternRegularHoursToAgreedDeadlines,cannotFixWorkerLocation,MEDIUM,FALSE,
No,No,workerDecidesToClientSatisfaction,workinPatternRegularHoursToAgreedDeadlines,couldFixWorkerLocation,MEDIUM,FALSE,
No,No,workerDecidesToClientSatisfaction,workingPatternAgreed,cannotFixWorkerLocation,MEDIUM,FALSE,
No,No,workerDecidesToClientSatisfaction,workingPatternAgreed,couldFixWorkerLocation,MEDIUM,FALSE,
No,No,workerDecidesToClientSatisfaction,noDefinedWorkingPattern,cannotFixWorkerLocation,MEDIUM,FALSE,workPatternImpact
No,No,workerDecidesToClientSatisfaction,noDefinedWorkingPattern,couldFixWorkerLocation,MEDIUM,FALSE,workPatternImpact
No,No,workerDecidesToClientSatisfaction,workinPatternAgreedDeadlines,cannotFixWorkerLocation,MEDIUM,FALSE,workPatternImpact
No,No,workerDecidesToClientSatisfaction,workinPatternAgreedDeadlines,couldFixWorkerLocation,MEDIUM,FALSE,workPatternImpact
No,No,WorkerFullyDecides,workinPatternRegularHoursToAgreedDeadlines,cannotFixWorkerLocation,MEDIUM,FALSE,
No,No,WorkerFullyDecides,workinPatternRegularHoursToAgreedDeadlines,couldFixWorkerLocation,MEDIUM,FALSE,
No,No,WorkerFullyDecides,workingPatternAgreed,cannotFixWorkerLocation,MEDIUM,FALSE,
No,No,WorkerFullyDecides,workingPatternAgreed,couldFixWorkerLocation,MEDIUM,FALSE,
No,No,WorkerFullyDecides,noDefinedWorkingPattern,cannotFixWorkerLocation,MEDIUM,FALSE,workPatternImpact
No,No,WorkerFullyDecides,noDefinedWorkingPattern,couldFixWorkerLocation,MEDIUM,FALSE,workPatternImpact
No,No,WorkerFullyDecides,workinPatternAgreedDeadlines,cannotFixWorkerLocation,MEDIUM,FALSE,workPatternImpact
No,No,WorkerFullyDecides,workinPatternAgreedDeadlines,couldFixWorkerLocation,MEDIUM,FALSE,workPatternImpact
No,Yes,workingSetInstructions,workinPatternRegularHoursToAgreedDeadlines,cannotFixWorkerLocation,HIGH,FALSE,
No,Yes,workingSetInstructions,workinPatternRegularHoursToAgreedDeadlines,couldFixWorkerLocation,HIGH,FALSE,
No,Yes,workingSetInstructions,workingPatternAgreed,cannotFixWorkerLocation,HIGH,FALSE,
No,Yes,workingSetInstructions,workingPatternAgreed,couldFixWorkerLocation,HIGH,FALSE,
No,Yes,workingSetInstructions,noDefinedWorkingPattern,cannotFixWorkerLocation,HIGH,FALSE,workPatternImpact
No,Yes,workingSetInstructions,noDefinedWorkingPattern,couldFixWorkerLocation,HIGH,FALSE,workPatternImpact
No,Yes,workingSetInstructions,workinPatternAgreedDeadlines,cannotFixWorkerLocation,HIGH,FALSE,workPatternImpact
No,Yes,workingSetInstructions,workinPatternAgreedDeadlines,couldFixWorkerLocation,HIGH,FALSE,workPatternImpact
No,Yes,workerCanGetInstructed,workinPatternRegularHoursToAgreedDeadlines,cannotFixWorkerLocation,HIGH,FALSE,
No,Yes,workerCanGetInstructed,workinPatternRegularHoursToAgreedDeadlines,couldFixWorkerLocation,HIGH,FALSE,
No,Yes,workerCanGetInstructed,workingPatternAgreed,cannotFixWorkerLocation,HIGH,FALSE,
No,Yes,workerCanGetInstructed,workingPatternAgreed,couldFixWorkerLocation,HIGH,FALSE,
No,Yes,workerCanGetInstructed,noDefinedWorkingPattern,cannotFixWorkerLocation,HIGH,FALSE,workPatternImpact
No,Yes,workerCanGetInstructed,noDefinedWorkingPattern,couldFixWorkerLocation,HIGH,FALSE,workPatternImpact
No,Yes,workerCanGetInstructed,workinPatternAgreedDeadlines,cannotFixWorkerLocation,HIGH,FALSE,workPatternImpact
No,Yes,workerCanGetInstructed,workinPatternAgreedDeadlines,couldFixWorkerLocation,HIGH,FALSE,workPatternImpact
No,Yes,workerDecidesToClientSatisfaction,workinPatternRegularHoursToAgreedDeadlines,cannotFixWorkerLocation,MEDIUM,FALSE,
No,Yes,workerDecidesToClientSatisfaction,workinPatternRegularHoursToAgreedDeadlines,couldFixWorkerLocation,MEDIUM,FALSE,
No,Yes,workerDecidesToClientSatisfaction,workingPatternAgreed,cannotFixWorkerLocation,MEDIUM,FALSE,
No,Yes,workerDecidesToClientSatisfaction,workingPatternAgreed,couldFixWorkerLocation,MEDIUM,FALSE,
No,Yes,workerDecidesToClientSatisfaction,noDefinedWorkingPattern,cannotFixWorkerLocation,MEDIUM,FALSE,workPatternImpact
No,Yes,workerDecidesToClientSatisfaction,noDefinedWorkingPattern,couldFixWorkerLocation,MEDIUM,FALSE,workPatternImpact
No,Yes,workerDecidesToClientSatisfaction,workinPatternAgreedDeadlines,cannotFixWorkerLocation,MEDIUM,FALSE,workPatternImpact
No,Yes,workerDecidesToClientSatisfaction,workinPatternAgreedDeadlines,couldFixWorkerLocation,MEDIUM,FALSE,workPatternImpact
No,Yes,WorkerFullyDecides,workinPatternRegularHoursToAgreedDeadlines,cannotFixWorkerLocation,MEDIUM,FALSE,
No,Yes,WorkerFullyDecides,workinPatternRegularHoursToAgreedDeadlines,couldFixWorkerLocation,MEDIUM,FALSE,
No,Yes,WorkerFullyDecides,workingPatternAgreed,cannotFixWorkerLocation,MEDIUM,FALSE,
No,Yes,WorkerFullyDecides,workingPatternAgreed,couldFixWorkerLocation,MEDIUM,FALSE,
No,Yes,WorkerFullyDecides,noDefinedWorkingPattern,cannotFixWorkerLocation,MEDIUM,FALSE,workPatternImpact
No,Yes,WorkerFullyDecides,noDefinedWorkingPattern,couldFixWorkerLocation,MEDIUM,FALSE,workPatternImpact
No,Yes,WorkerFullyDecides,workinPatternAgreedDeadlines,cannotFixWorkerLocation,MEDIUM,FALSE,workPatternImpact
No,Yes,WorkerFullyDecides,workinPatternAgreedDeadlines,couldFixWorkerLocation,MEDIUM,FALSE,workPatternImpact
Yes,No,workingSetInstructions,workinPatternRegularHoursToAgreedDeadlines,cannotFixWorkerLocation,MEDIUM,FALSE,
Yes,No,workingSetInstructions,workinPatternRegularHoursToAgreedDeadlines,couldFixWorkerLocation,MEDIUM,FALSE,
Yes,No,workingSetInstructions,workingPatternAgreed,cannotFixWorkerLocation,OutOfIR35,TRUE,
Yes,No,workingSetInstructions,workingPatternAgreed,couldFixWorkerLocation,OutOfIR35,TRUE,
Yes,No,workingSetInstructions,noDefinedWorkingPattern,cannotFixWorkerLocation,MEDIUM,FALSE,workPatternImpact
Yes,No,workingSetInstructions,noDefinedWorkingPattern,couldFixWorkerLocation,MEDIUM,FALSE,workPatternImpact
Yes,No,workingSetInstructions,workinPatternAgreedDeadlines,cannotFixWorkerLocation,MEDIUM,FALSE,workPatternImpact
Yes,No,workingSetInstructions,workinPatternAgreedDeadlines,couldFixWorkerLocation,MEDIUM,FALSE,workPatternImpact
Yes,No,workerCanGetInstructed,workinPatternRegularHoursToAgreedDeadlines,cannotFixWorkerLocation,MEDIUM,FALSE,
Yes,No,workerCanGetInstructed,workinPatternRegularHoursToAgreedDeadlines,couldFixWorkerLocation,MEDIUM,FALSE,
Yes,No,workerCanGetInstructed,workingPatternAgreed,cannotFixWorkerLocation,OutOfIR35,TRUE,
Yes,No,workerCanGetInstructed,workingPatternAgreed,couldFixWorkerLocation,OutOfIR35,TRUE,
Yes,No,workerCanGetInstructed,noDefinedWorkingPattern,cannotFixWorkerLocation,MEDIUM,FALSE,workPatternImpact
Yes,No,workerCanGetInstructed,noDefinedWorkingPattern,couldFixWorkerLocation,MEDIUM,FALSE,workPatternImpact
Yes,No,workerCanGetInstructed,workinPatternAgreedDeadlines,cannotFixWorkerLocation,MEDIUM,FALSE,workPatternImpact
Yes,No,workerCanGetInstructed,workinPatternAgreedDeadlines,couldFixWorkerLocation,MEDIUM,FALSE,workPatternImpact
Yes,No,workerDecidesToClientSatisfaction,workinPatternRegularHoursToAgreedDeadlines,cannotFixWorkerLocation,MEDIUM,FALSE,
Yes,No,workerDecidesToClientSatisfaction,workinPatternRegularHoursToAgreedDeadlines,couldFixWorkerLocation,MEDIUM,FALSE,
Yes,No,workerDecidesToClientSatisfaction,workingPatternAgreed,cannotFixWorkerLocation,OutOfIR35,TRUE,
Yes,No,workerDecidesToClientSatisfaction,workingPatternAgreed,couldFixWorkerLocation,OutOfIR35,TRUE,
Yes,No,workerDecidesToClientSatisfaction,noDefinedWorkingPattern,cannotFixWorkerLocation,MEDIUM,FALSE,workPatternImpact
Yes,No,workerDecidesToClientSatisfaction,noDefinedWorkingPattern,couldFixWorkerLocation,MEDIUM,FALSE,workPatternImpact
Yes,No,workerDecidesToClientSatisfaction,workinPatternAgreedDeadlines,cannotFixWorkerLocation,OutOfIR35,TRUE,
Yes,No,workerDecidesToClientSatisfaction,workinPatternAgreedDeadlines,couldFixWorkerLocation,OutOfIR35,TRUE,
Yes,No,WorkerFullyDecides,workinPatternRegularHoursToAgreedDeadlines,cannotFixWorkerLocation,MEDIUM,FALSE,
Yes,No,WorkerFullyDecides,workinPatternRegularHoursToAgreedDeadlines,couldFixWorkerLocation,MEDIUM,FALSE,
Yes,No,WorkerFullyDecides,workingPatternAgreed,cannotFixWorkerLocation,OutOfIR35,TRUE,
Yes,No,WorkerFullyDecides,workingPatternAgreed,couldFixWorkerLocation,OutOfIR35,TRUE,
Yes,No,WorkerFullyDecides,noDefinedWorkingPattern,cannotFixWorkerLocation,MEDIUM,FALSE,workPatternImpact
Yes,No,WorkerFullyDecides,noDefinedWorkingPattern,couldFixWorkerLocation,MEDIUM,FALSE,workPatternImpact
Yes,No,WorkerFullyDecides,workinPatternAgreedDeadlines,cannotFixWorkerLocation,OutOfIR35,TRUE,
Yes,No,WorkerFullyDecides,workinPatternAgreedDeadlines,couldFixWorkerLocation,OutOfIR35,TRUE,
Yes,Yes,workingSetInstructions,workinPatternRegularHoursToAgreedDeadlines,cannotFixWorkerLocation,MEDIUM,FALSE,
Yes,Yes,workingSetInstructions,workinPatternRegularHoursToAgreedDeadlines,couldFixWorkerLocation,MEDIUM,FALSE,
Yes,Yes,workingSetInstructions,workingPatternAgreed,cannotFixWorkerLocation,MEDIUM,FALSE,
Yes,Yes,workingSetInstructions,workingPatternAgreed,couldFixWorkerLocation,MEDIUM,FALSE,
Yes,Yes,workingSetInstructions,noDefinedWorkingPattern,cannotFixWorkerLocation,MEDIUM,FALSE,workPatternImpact
Yes,Yes,workingSetInstructions,noDefinedWorkingPattern,couldFixWorkerLocation,MEDIUM,FALSE,workPatternImpact
Yes,Yes,workingSetInstructions,workinPatternAgreedDeadlines,cannotFixWorkerLocation,MEDIUM,FALSE,workPatternImpact
Yes,Yes,workingSetInstructions,workinPatternAgreedDeadlines,couldFixWorkerLocation,MEDIUM,FALSE,workPatternImpact
Yes,Yes,workerCanGetInstructed,workinPatternRegularHoursToAgreedDeadlines,cannotFixWorkerLocation,MEDIUM,FALSE,
Yes,Yes,workerCanGetInstructed,workinPatternRegularHoursToAgreedDeadlines,couldFixWorkerLocation,MEDIUM,FALSE,
Yes,Yes,workerCanGetInstructed,workingPatternAgreed,cannotFixWorkerLocation,MEDIUM,FALSE,
Yes,Yes,workerCanGetInstructed,workingPatternAgreed,couldFixWorkerLocation,MEDIUM,FALSE,
Yes,Yes,workerCanGetInstructed,noDefinedWorkingPattern,cannotFixWorkerLocation,MEDIUM,FALSE,workPatternImpact
Yes,Yes,workerCanGetInstructed,noDefinedWorkingPattern,couldFixWorkerLocation,MEDIUM,FALSE,workPatternImpact
Yes,Yes,workerCanGetInstructed,workinPatternAgreedDeadlines,cannotFixWorkerLocation,MEDIUM,FALSE,workPatternImpact
Yes,Yes,workerCanGetInstructed,workinPatternAgreedDeadlines,couldFixWorkerLocation,MEDIUM,FALSE,workPatternImpact
Yes,Yes,workerDecidesToClientSatisfaction,workinPatternRegularHoursToAgreedDeadlines,cannotFixWorkerLocation,MEDIUM,FALSE,
Yes,Yes,workerDecidesToClientSatisfaction,workinPatternRegularHoursToAgreedDeadlines,couldFixWorkerLocation,MEDIUM,FALSE,
Yes,Yes,workerDecidesToClientSatisfaction,workingPatternAgreed,cannotFixWorkerLocation,MEDIUM,FALSE,
Yes,Yes,workerDecidesToClientSatisfaction,workingPatternAgreed,couldFixWorkerLocation,MEDIUM,FALSE,
Yes,Yes,workerDecidesToClientSatisfaction,noDefinedWorkingPattern,cannotFixWorkerLocation,MEDIUM,FALSE,workPatternImpact
Yes,Yes,workerDecidesToClientSatisfaction,noDefinedWorkingPattern,couldFixWorkerLocation,MEDIUM,FALSE,workPatternImpact
Yes,Yes,workerDecidesToClientSatisfaction,workinPatternAgreedDeadlines,cannotFixWorkerLocation,MEDIUM,FALSE,workPatternImpact
Yes,Yes,workerDecidesToClientSatisfaction,workinPatternAgreedDeadlines,couldFixWorkerLocation,MEDIUM,FALSE,workPatternImpact
Yes,Yes,WorkerFullyDecides,workinPatternRegularHoursToAgreedDeadlines,cannotFixWorkerLocation,MEDIUM,FALSE,
Yes,Yes,WorkerFullyDecides,workinPatternRegularHoursToAgreedDeadlines,couldFixWorkerLocation,MEDIUM,FALSE,
Yes,Yes,WorkerFullyDecides,workingPatternAgreed,cannotFixWorkerLocation,MEDIUM,FALSE,
Yes,Yes,WorkerFullyDecides,workingPatternAgreed,couldFixWorkerLocation,MEDIUM,FALSE,
Yes,Yes,WorkerFullyDecides,noDefinedWorkingPattern,cannotFixWorkerLocation,MEDIUM,FALSE,workPatternImpact
Yes,Yes,WorkerFullyDecides,noDefinedWorkingPattern,couldFixWorkerLocation,MEDIUM,FALSE,workPatternImpact
Yes,Yes,WorkerFullyDecides,workinPatternAgreedDeadlines,cannotFixWorkerLocation,MEDIUM,FALSE,workPatternImpact
Yes,Yes,WorkerFullyDecides,workinPatternAgreedDeadlines,couldFixWorkerLocation,MEDIUM,FALSE,workPatternImpact
Sometimes,No,workingSetInstructions,workinPatternRegularHoursToAgreedDeadlines,cannotFixWorkerLocation,MEDIUM,FALSE,
Sometimes,No,workingSetInstructions,workinPatternRegularHoursToAgreedDeadlines,couldFixWorkerLocation,MEDIUM,FALSE,
Sometimes,No,workingSetInstructions,workingPatternAgreed,cannotFixWorkerLocation,MEDIUM,FALSE,
Sometimes,No,workingSetInstructions,workingPatternAgreed,couldFixWorkerLocation,MEDIUM,FALSE,
Sometimes,No,workingSetInstructions,noDefinedWorkingPattern,cannotFixWorkerLocation,MEDIUM,FALSE,workPatternImpact
Sometimes,No,workingSetInstructions,noDefinedWorkingPattern,couldFixWorkerLocation,MEDIUM,FALSE,workPatternImpact
Sometimes,No,workingSetInstructions,workinPatternAgreedDeadlines,cannotFixWorkerLocation,MEDIUM,FALSE,workPatternImpact
Sometimes,No,workingSetInstructions,workinPatternAgreedDeadlines,couldFixWorkerLocation,MEDIUM,FALSE,workPatternImpact
Sometimes,No,workerCanGetInstructed,workinPatternRegularHoursToAgreedDeadlines,cannotFixWorkerLocation,MEDIUM,FALSE,
Sometimes,No,workerCanGetInstructed,workinPatternRegularHoursToAgreedDeadlines,couldFixWorkerLocation,MEDIUM,FALSE,
Sometimes,No,workerCanGetInstructed,workingPatternAgreed,cannotFixWorkerLocation,MEDIUM,FALSE,
Sometimes,No,workerCanGetInstructed,workingPatternAgreed,couldFixWorkerLocation,MEDIUM,FALSE,
Sometimes,No,workerCanGetInstructed,noDefinedWorkingPattern,cannotFixWorkerLocation,MEDIUM,FALSE,workPatternImpact
Sometimes,No,workerCanGetInstructed,noDefinedWorkingPattern,couldFixWorkerLocation,MEDIUM,FALSE,workPatternImpact
Sometimes,No,workerCanGetInstructed,workinPatternAgreedDeadlines,cannotFixWorkerLocation,MEDIUM,FALSE,workPatternImpact
Sometimes,No,workerCanGetInstructed,workinPatternAgreedDeadlines,couldFixWorkerLocation,MEDIUM,FALSE,workPatternImpact
Sometimes,No,workerDecidesToClientSatisfaction,workinPatternRegularHoursToAgreedDeadlines,cannotFixWorkerLocation,MEDIUM,FALSE,
Sometimes,No,workerDecidesToClientSatisfaction,workinPatternRegularHoursToAgreedDeadlines,couldFixWorkerLocation,MEDIUM,FALSE,
Sometimes,No,workerDecidesToClientSatisfaction,workingPatternAgreed,cannotFixWorkerLocation,MEDIUM,FALSE,
Sometimes,No,workerDecidesToClientSatisfaction,workingPatternAgreed,couldFixWorkerLocation,MEDIUM,FALSE,
Sometimes,No,workerDecidesToClientSatisfaction,noDefinedWorkingPattern,cannotFixWorkerLocation,MEDIUM,FALSE,workPatternImpact
Sometimes,No,workerDecidesToClientSatisfaction,noDefinedWorkingPattern,couldFixWorkerLocation,MEDIUM,FALSE,workPatternImpact
Sometimes,No,workerDecidesToClientSatisfaction,workinPatternAgreedDeadlines,cannotFixWorkerLocation,MEDIUM,FALSE,workPatternImpact
Sometimes,No,workerDecidesToClientSatisfaction,workinPatternAgreedDeadlines,couldFixWorkerLocation,MEDIUM,FALSE,workPatternImpact
Sometimes,No,WorkerFullyDecides,workinPatternRegularHoursToAgreedDeadlines,cannotFixWorkerLocation,MEDIUM,FALSE,
Sometimes,No,WorkerFullyDecides,workinPatternRegularHoursToAgreedDeadlines,couldFixWorkerLocation,MEDIUM,FALSE,
Sometimes,No,WorkerFullyDecides,workingPatternAgreed,cannotFixWorkerLocation,MEDIUM,FALSE,
Sometimes,No,WorkerFullyDecides,workingPatternAgreed,couldFixWorkerLocation,MEDIUM,FALSE,
Sometimes,No,WorkerFullyDecides,noDefinedWorkingPattern,cannotFixWorkerLocation,MEDIUM,FALSE,workPatternImpact
Sometimes,No,WorkerFullyDecides,noDefinedWorkingPattern,couldFixWorkerLocation,MEDIUM,FALSE,workPatternImpact
Sometimes,No,WorkerFullyDecides,workinPatternAgreedDeadlines,cannotFixWorkerLocation,MEDIUM,FALSE,workPatternImpact
Sometimes,No,WorkerFullyDecides,workinPatternAgreedDeadlines,couldFixWorkerLocation,MEDIUM,FALSE,workPatternImpact
Sometimes,Yes,workingSetInstructions,workinPatternRegularHoursToAgreedDeadlines,cannotFixWorkerLocation,HIGH,FALSE,
Sometimes,Yes,workingSetInstructions,workinPatternRegularHoursToAgreedDeadlines,couldFixWorkerLocation,HIGH,FALSE,
Sometimes,Yes,workingSetInstructions,workingPatternAgreed,cannotFixWorkerLocation,HIGH,FALSE,
Sometimes,Yes,workingSetInstructions,workingPatternAgreed,couldFixWorkerLocation,HIGH,FALSE,
Sometimes,Yes,workingSetInstructions,noDefinedWorkingPattern,cannotFixWorkerLocation,HIGH,FALSE,workPatternImpact
Sometimes,Yes,workingSetInstructions,noDefinedWorkingPattern,couldFixWorkerLocation,HIGH,FALSE,workPatternImpact
Sometimes,Yes,workingSetInstructions,workinPatternAgreedDeadlines,cannotFixWorkerLocation,HIGH,FALSE,workPatternImpact
Sometimes,Yes,workingSetInstructions,workinPatternAgreedDeadlines,couldFixWorkerLocation,HIGH,FALSE,workPatternImpact
Sometimes,Yes,workerCanGetInstructed,workinPatternRegularHoursToAgreedDeadlines,cannotFixWorkerLocation,HIGH,FALSE,
Sometimes,Yes,workerCanGetInstructed,workinPatternRegularHoursToAgreedDeadlines,couldFixWorkerLocation,HIGH,FALSE,
Sometimes,Yes,workerCanGetInstructed,workingPatternAgreed,cannotFixWorkerLocation,HIGH,FALSE,
Sometimes,Yes,workerCanGetInstructed,workingPatternAgreed,couldFixWorkerLocation,HIGH,FALSE,
Sometimes,Yes,workerCanGetInstructed,noDefinedWorkingPattern,cannotFixWorkerLocation,HIGH,FALSE,workPatternImpact
Sometimes,Yes,workerCanGetInstructed,noDefinedWorkingPattern,couldFixWorkerLocation,HIGH,FALSE,workPatternImpact
Sometimes,Yes,workerCanGetInstructed,workinPatternAgreedDeadlines,cannotFixWorkerLocation,HIGH,FALSE,workPatternImpact
Sometimes,Yes,workerCanGetInstructed,workinPatternAgreedDeadlines,couldFixWorkerLocation,HIGH,FALSE,workPatternImpact
Sometimes,Yes,workerDecidesToClientSatisfaction,workinPatternRegularHoursToAgreedDeadlines,cannotFixWorkerLocation,MEDIUM,FALSE,
Sometimes,Yes,workerDecidesToClientSatisfaction,workinPatternRegularHoursToAgreedDeadlines,couldFixWorkerLocation,MEDIUM,FALSE,
Sometimes,Yes,workerDecidesToClientSatisfaction,workingPatternAgreed,cannotFixWorkerLocation,MEDIUM,FALSE,
Sometimes,Yes,workerDecidesToClientSatisfaction,workingPatternAgreed,couldFixWorkerLocation,MEDIUM,FALSE,
Sometimes,Yes,workerDecidesToClientSatisfaction,noDefinedWorkingPattern,cannotFixWorkerLocation,MEDIUM,FALSE,workPatternImpact
Sometimes,Yes,workerDecidesToClientSatisfaction,noDefinedWorkingPattern,couldFixWorkerLocation,MEDIUM,FALSE,workPatternImpact
Sometimes,Yes,workerDecidesToClientSatisfaction,workinPatternAgreedDeadlines,cannotFixWorkerLocation,MEDIUM,FALSE,workPatternImpact
Sometimes,Yes,workerDecidesToClientSatisfaction,workinPatternAgreedDeadlines,couldFixWorkerLocation,MEDIUM,FALSE,workPatternImpact
Sometimes,Yes,WorkerFullyDecides,workinPatternRegularHoursToAgreedDeadlines,cannotFixWorkerLocation,MEDIUM,FALSE,
Sometimes,Yes,WorkerFullyDecides,workinPatternRegularHoursToAgreedDeadlines,couldFixWorkerLocation,MEDIUM,FALSE,
Sometimes,Yes,WorkerFullyDecides,workingPatternAgreed,cannotFixWorkerLocation,MEDIUM,FALSE,
Sometimes,Yes,WorkerFullyDecides,workingPatternAgreed,couldFixWorkerLocation,MEDIUM,FALSE,
Sometimes,Yes,WorkerFullyDecides,noDefinedWorkingPattern,cannotFixWorkerLocation,MEDIUM,FALSE,workPatternImpact
Sometimes,Yes,WorkerFullyDecides,noDefinedWorkingPattern,couldFixWorkerLocation,MEDIUM,FALSE,workPatternImpact
Sometimes,Yes,WorkerFullyDecides,workinPatternAgreedDeadlines,cannotFixWorkerLocation,MEDIUM,FALSE,workPatternImpact
Sometimes,Yes,WorkerFullyDecides,workinPatternAgreedDeadlines,couldFixWorkerLocation,MEDIUM,FALSE,workPatternImpact
No,No,workingSetInstructions,workingPatternStipulated,cannotFixWorkerLocation,MEDIUM,FALSE,
No,No,workingSetInstructions,workingPatternStipulated,couldFixWorkerLocation,MEDIUM,FALSE,
No,No,workerCanGetInstructed,workingPatternStipulated,cannotFixWorkerLocation,MEDIUM,FALSE,
No,No,workerCanGetInstructed,workingPatternStipulated,couldFixWorkerLocation,MEDIUM,FALSE,
No,No,workerDecidesToClientSatisfaction,workingPatternStipulated,cannotFixWorkerLocation,MEDIUM,FALSE,
No,No,workerDecidesToClientSatisfaction,workingPatternStipulated,couldFixWorkerLocation,MEDIUM,FALSE,
No,No,WorkerFullyDecides,workingPatternStipulated,cannotFixWorkerLocation,MEDIUM,FALSE,
No,No,WorkerFullyDecides,workingPatternStipulated,couldFixWorkerLocation,MEDIUM,FALSE,
No,Yes,workingSetInstructions,workingPatternStipulated,cannotFixWorkerLocation,HIGH,FALSE,
No,Yes,workingSetInstructions,workingPatternStipulated,couldFixWorkerLocation,HIGH,FALSE,
No,Yes,workerCanGetInstructed,workingPatternStipulated,cannotFixWorkerLocation,HIGH,FALSE,
No,Yes,workerCanGetInstructed,workingPatternStipulated,couldFixWorkerLocation,HIGH,FALSE,
No,Yes,workerDecidesToClientSatisfaction,workingPatternStipulated,cannotFixWorkerLocation,MEDIUM,FALSE,
No,Yes,workerDecidesToClientSatisfaction,workingPatternStipulated,couldFixWorkerLocation,MEDIUM,FALSE,
No,Yes,WorkerFullyDecides,workingPatternStipulated,cannotFixWorkerLocation,MEDIUM,FALSE,
No,Yes,WorkerFullyDecides,workingPatternStipulated,couldFixWorkerLocation,MEDIUM,FALSE,
Yes,No,workingSetInstructions,workingPatternStipulated,cannotFixWorkerLocation,MEDIUM,FALSE,
Yes,No,workingSetInstructions,workingPatternStipulated,couldFixWorkerLocation,MEDIUM,FALSE,
Yes,No,workerCanGetInstructed,workingPatternStipulated,cannotFixWorkerLocation,MEDIUM,FALSE,
Yes,No,workerCanGetInstructed,workingPatternStipulated,couldFixWorkerLocation,MEDIUM,FALSE,
Yes,No,workerDecidesToClientSatisfaction,workingPatternStipulated,cannotFixWorkerLocation,MEDIUM,FALSE,
Yes,No,workerDecidesToClientSatisfaction,workingPatternStipulated,couldFixWorkerLocation,MEDIUM,FALSE,
Yes,No,WorkerFullyDecides,workingPatternStipulated,cannotFixWorkerLocation,MEDIUM,FALSE,
Yes,No,WorkerFullyDecides,workingPatternStipulated,couldFixWorkerLocation,MEDIUM,FALSE,
Yes,Yes,workingSetInstructions,workingPatternStipulated,cannotFixWorkerLocation,MEDIUM,FALSE,
Yes,Yes,workingSetInstructions,workingPatternStipulated,couldFixWorkerLocation,MEDIUM,FALSE,
Yes,Yes,workerCanGetInstructed,workingPatternStipulated,cannotFixWorkerLocation,MEDIUM,FALSE,
Yes,Yes,workerCanGetInstructed,workingPatternStipulated,couldFixWorkerLocation,MEDIUM,FALSE,
Yes,Yes,workerDecidesToClientSatisfaction,workingPatternStipulated,cannotFixWorkerLocation,MEDIUM,FALSE,
Yes,Yes,workerDecidesToClientSatisfaction,workingPatternStipulated,couldFixWorkerLocation,MEDIUM,FALSE,
Yes,Yes,WorkerFullyDecides,workingPatternStipulated,cannotFixWorkerLocation,MEDIUM,FALSE,
Yes,Yes,WorkerFullyDecides,workingPatternStipulated,couldFixWorkerLocation,MEDIUM,FALSE,
Sometimes,No,workingSetInstructions,workingPatternStipulated,cannotFixWorkerLocation,MEDIUM,FALSE,
Sometimes,No,workingSetInstructions,workingPatternStipulated,couldFixWorkerLocation,MEDIUM,FALSE,
Sometimes,No,workerCanGetInstructed,workingPatternStipulated,cannotFixWorkerLocation,MEDIUM,FALSE,
Sometimes,No,workerCanGetInstructed,workingPatternStipulated,couldFixWorkerLocation,MEDIUM,FALSE,
Sometimes,No,workerDecidesToClientSatisfaction,workingPatternStipulated,cannotFixWorkerLocation,MEDIUM,FALSE,
Sometimes,No,workerDecidesToClientSatisfaction,workingPatternStipulated,couldFixWorkerLocation,MEDIUM,FALSE,
Sometimes,No,WorkerFullyDecides,workingPatternStipulated,cannotFixWorkerLocation,MEDIUM,FALSE,
Sometimes,No,WorkerFullyDecides,workingPatternStipulated,couldFixWorkerLocation,MEDIUM,FALSE,
Sometimes,Yes,workingSetInstructions,workingPatternStipulated,cannotFixWorkerLocation,HIGH,FALSE,
Sometimes,Yes,workingSetInstructions,workingPatternStipulated,couldFixWorkerLocation,HIGH,FALSE,
Sometimes,Yes,workerCanGetInstructed,workingPatternStipulated,cannotFixWorkerLocation,HIGH,FALSE,
Sometimes,Yes,workerCanGetInstructed,workingPatternStipulated,couldFixWorkerLocation,HIGH,FALSE,
Sometimes,Yes,workerDecidesToClientSatisfaction,workingPatternStipulated,cannotFixWorkerLocation,MEDIUM,FALSE,
Sometimes,Yes,workerDecidesToClientSatisfaction,workingPatternStipulated,couldFixWorkerLocation,MEDIUM,FALSE,
Sometimes,Yes,WorkerFullyDecides,workingPatternStipulated,cannotFixWorkerLocation,MEDIUM,FALSE,
Sometimes,Yes,WorkerFullyDecides,workingPatternStipulated,couldFixWorkerLocation,MEDIUM,FALSE,
No,No,workingSetInstructions,workinPatternRegularHoursToAgreedDeadlines,workerLocationFixed,MEDIUM,FALSE,
No,No,workingSetInstructions,workingPatternAgreed,workerLocationFixed,MEDIUM,FALSE,
No,No,workingSetInstructions,noDefinedWorkingPattern,workerLocationFixed,MEDIUM,FALSE,workPatternImpact
No,No,workingSetInstructions,workinPatternAgreedDeadlines,workerLocationFixed,MEDIUM,FALSE,workPatternImpact
No,No,workerCanGetInstructed,workinPatternRegularHoursToAgreedDeadlines,workerLocationFixed,MEDIUM,FALSE,
No,No,workerCanGetInstructed,workingPatternAgreed,workerLocationFixed,MEDIUM,FALSE,
No,No,workerCanGetInstructed,noDefinedWorkingPattern,workerLocationFixed,MEDIUM,FALSE,workPatternImpact
No,No,workerCanGetInstructed,workinPatternAgreedDeadlines,workerLocationFixed,MEDIUM,FALSE,workPatternImpact
No,No,workerDecidesToClientSatisfaction,workinPatternRegularHoursToAgreedDeadlines,workerLocationFixed,MEDIUM,FALSE,
No,No,workerDecidesToClientSatisfaction,workingPatternAgreed,workerLocationFixed,MEDIUM,FALSE,
No,No,workerDecidesToClientSatisfaction,noDefinedWorkingPattern,workerLocationFixed,MEDIUM,FALSE,workPatternImpact
No,No,workerDecidesToClientSatisfaction,workinPatternAgreedDeadlines,workerLocationFixed,MEDIUM,FALSE,workPatternImpact
No,No,WorkerFullyDecides,workinPatternRegularHoursToAgreedDeadlines,workerLocationFixed,MEDIUM,FALSE,
No,No,WorkerFullyDecides,workingPatternAgreed,workerLocationFixed,MEDIUM,FALSE,
No,No,WorkerFullyDecides,noDefinedWorkingPattern,workerLocationFixed,MEDIUM,FALSE,workPatternImpact
No,No,WorkerFullyDecides,workinPatternAgreedDeadlines,workerLocationFixed,MEDIUM,FALSE,workPatternImpact
No,Yes,workingSetInstructions,workinPatternRegularHoursToAgreedDeadlines,workerLocationFixed,HIGH,FALSE,
No,Yes,workingSetInstructions,workingPatternAgreed,workerLocationFixed,HIGH,FALSE,
No,Yes,workingSetInstructions,noDefinedWorkingPattern,workerLocationFixed,HIGH,FALSE,workPatternImpact
No,Yes,workingSetInstructions,workinPatternAgreedDeadlines,workerLocationFixed,HIGH,FALSE,workPatternImpact
No,Yes,workerCanGetInstructed,workinPatternRegularHoursToAgreedDeadlines,workerLocationFixed,HIGH,FALSE,
No,Yes,workerCanGetInstructed,workingPatternAgreed,workerLocationFixed,HIGH,FALSE,
No,Yes,workerCanGetInstructed,noDefinedWorkingPattern,workerLocationFixed,HIGH,FALSE,workPatternImpact
No,Yes,workerCanGetInstructed,workinPatternAgreedDeadlines,workerLocationFixed,HIGH,FALSE,workPatternImpact
No,Yes,workerDecidesToClientSatisfaction,workinPatternRegularHoursToAgreedDeadlines,workerLocationFixed,MEDIUM,FALSE,
No,Yes,workerDecidesToClientSatisfaction,workingPatternAgreed,workerLocationFixed,MEDIUM,FALSE,
No,Yes,workerDecidesToClientSatisfaction,noDefinedWorkingPattern,workerLocationFixed,MEDIUM,FALSE,workPatternImpact
No,Yes,workerDecidesToClientSatisfaction,workinPatternAgreedDeadlines,workerLocationFixed,MEDIUM,FALSE,workPatternImpact
No,Yes,WorkerFullyDecides,workinPatternRegularHoursToAgreedDeadlines,workerLocationFixed,MEDIUM,FALSE,
No,Yes,WorkerFullyDecides,workingPatternAgreed,workerLocationFixed,MEDIUM,FALSE,
No,Yes,WorkerFullyDecides,noDefinedWorkingPattern,workerLocationFixed,MEDIUM,FALSE,workPatternImpact
No,Yes,WorkerFullyDecides,workinPatternAgreedDeadlines,workerLocationFixed,MEDIUM,FALSE,workPatternImpact
Yes,No,workingSetInstructions,workinPatternRegularHoursToAgreedDeadlines,workerLocationFixed,MEDIUM,FALSE,
Yes,No,workingSetInstructions,workingPatternAgreed,workerLocationFixed,OutOfIR35,TRUE,
Yes,No,workingSetInstructions,noDefinedWorkingPattern,workerLocationFixed,MEDIUM,FALSE,workPatternImpact
Yes,No,workingSetInstructions,workinPatternAgreedDeadlines,workerLocationFixed,MEDIUM,FALSE,workPatternImpact
Yes,No,workerCanGetInstructed,workinPatternRegularHoursToAgreedDeadlines,workerLocationFixed,MEDIUM,FALSE,
Yes,No,workerCanGetInstructed,workingPatternAgreed,workerLocationFixed,OutOfIR35,TRUE,
Yes,No,workerCanGetInstructed,noDefinedWorkingPattern,workerLocationFixed,MEDIUM,FALSE,workPatternImpact
Yes,No,workerCanGetInstructed,workinPatternAgreedDeadlines,workerLocationFixed,MEDIUM,FALSE,workPatternImpact
Yes,No,workerDecidesToClientSatisfaction,workinPatternRegularHoursToAgreedDeadlines,workerLocationFixed,MEDIUM,FALSE,
Yes,No,workerDecidesToClientSatisfaction,workingPatternAgreed,workerLocationFixed,OutOfIR35,TRUE,
Yes,No,workerDecidesToClientSatisfaction,noDefinedWorkingPattern,workerLocationFixed,MEDIUM,FALSE,workPatternImpact
Yes,No,workerDecidesToClientSatisfaction,workinPatternAgreedDeadlines,workerLocationFixed,OutOfIR35,TRUE,
Yes,No,WorkerFullyDecides,workinPatternRegularHoursToAgreedDeadlines,workerLocationFixed,MEDIUM,FALSE,
Yes,No,WorkerFullyDecides,workingPatternAgreed,workerLocationFixed,OutOfIR35,TRUE,
Yes,No,WorkerFullyDecides,noDefinedWorkingPattern,workerLocationFixed,MEDIUM,FALSE,workPatternImpact
Yes,No,WorkerFullyDecides,workinPatternAgreedDeadlines,workerLocationFixed,OutOfIR35,TRUE,
Yes,Yes,workingSetInstructions,workinPatternRegularHoursToAgreedDeadlines,workerLocationFixed,MEDIUM,FALSE,
Yes,Yes,workingSetInstructions,workingPatternAgreed,workerLocationFixed,MEDIUM,FALSE,
Yes,Yes,workingSetInstructions,noDefinedWorkingPattern,workerLocationFixed,MEDIUM,FALSE,workPatternImpact
Yes,Yes,workingSetInstructions,workinPatternAgreedDeadlines,workerLocationFixed,MEDIUM,FALSE,workPatternImpact
Yes,Yes,workerCanGetInstructed,workinPatternRegularHoursToAgreedDeadlines,workerLocationFixed,MEDIUM,FALSE,
Yes,Yes,workerCanGetInstructed,workingPatternAgreed,workerLocationFixed,MEDIUM,FALSE,
Yes,Yes,workerCanGetInstructed,noDefinedWorkingPattern,workerLocationFixed,MEDIUM,FALSE,workPatternImpact
Yes,Yes,workerCanGetInstructed,workinPatternAgreedDeadlines,workerLocationFixed,MEDIUM,FALSE,workPatternImpact
Yes,Yes,workerDecidesToClientSatisfaction,workinPatternRegularHoursToAgreedDeadlines,workerLocationFixed,MEDIUM,FALSE,
Yes,Yes,workerDecidesToClientSatisfaction,workingPatternAgreed,workerLocationFixed,MEDIUM,FALSE,
Yes,Yes,workerDecidesToClientSatisfaction,noDefinedWorkingPattern,workerLocationFixed,MEDIUM,FALSE,workPatternImpact
Yes,Yes,workerDecidesToClientSatisfaction,workinPatternAgreedDeadlines,workerLocationFixed,MEDIUM,FALSE,workPatternImpact
Yes,Yes,WorkerFullyDecides,workinPatternRegularHoursToAgreedDeadlines,workerLocationFixed,MEDIUM,FALSE,
Yes,Yes,WorkerFullyDecides,workingPatternAgreed,workerLocationFixed,MEDIUM,FALSE,
Yes,Yes,WorkerFullyDecides,noDefinedWorkingPattern,workerLocationFixed,MEDIUM,FALSE,workPatternImpact
Yes,Yes,WorkerFullyDecides,workinPatternAgreedDeadlines,workerLocationFixed,MEDIUM,FALSE,workPatternImpact
Sometimes,No,workingSetInstructions,workinPatternRegularHoursToAgreedDeadlines,workerLocationFixed,MEDIUM,FALSE,
Sometimes,No,workingSetInstructions,workingPatternAgreed,workerLocationFixed,MEDIUM,FALSE,
Sometimes,No,workingSetInstructions,noDefinedWorkingPattern,workerLocationFixed,MEDIUM,FALSE,workPatternImpact
Sometimes,No,workingSetInstructions,workinPatternAgreedDeadlines,workerLocationFixed,MEDIUM,FALSE,workPatternImpact
Sometimes,No,workerCanGetInstructed,workinPatternRegularHoursToAgreedDeadlines,workerLocationFixed,MEDIUM,FALSE,
Sometimes,No,workerCanGetInstructed,workingPatternAgreed,workerLocationFixed,MEDIUM,FALSE,
Sometimes,No,workerCanGetInstructed,noDefinedWorkingPattern,workerLocationFixed,MEDIUM,FALSE,workPatternImpact
Sometimes,No,workerCanGetInstructed,workinPatternAgreedDeadlines,workerLocationFixed,MEDIUM,FALSE,workPatternImpact
Sometimes,No,workerDecidesToClientSatisfaction,workinPatternRegularHoursToAgreedDeadlines,workerLocationFixed,MEDIUM,FALSE,
Sometimes,No,workerDecidesToClientSatisfaction,workingPatternAgreed,workerLocationFixed,MEDIUM,FALSE,
Sometimes,No,workerDecidesToClientSatisfaction,noDefinedWorkingPattern,workerLocationFixed,MEDIUM,FALSE,workPatternImpact
Sometimes,No,workerDecidesToClientSatisfaction,workinPatternAgreedDeadlines,workerLocationFixed,MEDIUM,FALSE,workPatternImpact
Sometimes,No,WorkerFullyDecides,workinPatternRegularHoursToAgreedDeadlines,workerLocationFixed,MEDIUM,FALSE,
Sometimes,No,WorkerFullyDecides,workingPatternAgreed,workerLocationFixed,MEDIUM,FALSE,
Sometimes,No,WorkerFullyDecides,noDefinedWorkingPattern,workerLocationFixed,MEDIUM,FALSE,workPatternImpact
Sometimes,No,WorkerFullyDecides,workinPatternAgreedDeadlines,workerLocationFixed,MEDIUM,FALSE,workPatternImpact
Sometimes,Yes,workingSetInstructions,workinPatternRegularHoursToAgreedDeadlines,workerLocationFixed,HIGH,FALSE,
Sometimes,Yes,workingSetInstructions,workingPatternAgreed,workerLocationFixed,HIGH,FALSE,
Sometimes,Yes,workingSetInstructions,noDefinedWorkingPattern,workerLocationFixed,HIGH,FALSE,workPatternImpact
Sometimes,Yes,workingSetInstructions,workinPatternAgreedDeadlines,workerLocationFixed,HIGH,FALSE,workPatternImpact
Sometimes,Yes,workerCanGetInstructed,workinPatternRegularHoursToAgreedDeadlines,workerLocationFixed,HIGH,FALSE,
Sometimes,Yes,workerCanGetInstructed,workingPatternAgreed,workerLocationFixed,HIGH,FALSE,
Sometimes,Yes,workerCanGetInstructed,noDefinedWorkingPattern,workerLocationFixed,HIGH,FALSE,workPatternImpact
Sometimes,Yes,workerCanGetInstructed,workinPatternAgreedDeadlines,workerLocationFixed,HIGH,FALSE,workPatternImpact
Sometimes,Yes,workerDecidesToClientSatisfaction,workinPatternRegularHoursToAgreedDeadlines,workerLocationFixed,MEDIUM,FALSE,
Sometimes,Yes,workerDecidesToClientSatisfaction,workingPatternAgreed,workerLocationFixed,MEDIUM,FALSE,
Sometimes,Yes,workerDecidesToClientSatisfaction,noDefinedWorkingPattern,workerLocationFixed,MEDIUM,FALSE,workPatternImpact
Sometimes,Yes,workerDecidesToClientSatisfaction,workinPatternAgreedDeadlines,workerLocationFixed,MEDIUM,FALSE,workPatternImpact
Sometimes,Yes,WorkerFullyDecides,workinPatternRegularHoursToAgreedDeadlines,workerLocationFixed,MEDIUM,FALSE,
Sometimes,Yes,WorkerFullyDecides,workingPatternAgreed,workerLocationFixed,MEDIUM,FALSE,
Sometimes,Yes,WorkerFullyDecides,noDefinedWorkingPattern,workerLocationFixed,MEDIUM,FALSE,workPatternImpact
Sometimes,Yes,WorkerFullyDecides,workinPatternAgreedDeadlines,workerLocationFixed,MEDIUM,FALSE,workPatternImpact
No,No,workingSetInstructions,workingPatternStipulated,workerLocationFixed,MEDIUM,FALSE,
No,No,workerCanGetInstructed,workingPatternStipulated,workerLocationFixed,MEDIUM,FALSE,
No,No,workerDecidesToClientSatisfaction,workingPatternStipulated,workerLocationFixed,MEDIUM,FALSE,
No,No,WorkerFullyDecides,workingPatternStipulated,workerLocationFixed,MEDIUM,FALSE,
No,Yes,workingSetInstructions,workingPatternStipulated,workerLocationFixed,HIGH,FALSE,
No,Yes,workerCanGetInstructed,workingPatternStipulated,workerLocationFixed,HIGH,FALSE,
No,Yes,workerDecidesToClientSatisfaction,workingPatternStipulated,workerLocationFixed,MEDIUM,FALSE,
No,Yes,WorkerFullyDecides,workingPatternStipulated,workerLocationFixed,MEDIUM,FALSE,
Yes,No,workingSetInstructions,workingPatternStipulated,workerLocationFixed,MEDIUM,FALSE,
Yes,No,workerCanGetInstructed,workingPatternStipulated,workerLocationFixed,MEDIUM,FALSE,
Yes,No,workerDecidesToClientSatisfaction,workingPatternStipulated,workerLocationFixed,MEDIUM,FALSE,
Yes,No,WorkerFullyDecides,workingPatternStipulated,workerLocationFixed,MEDIUM,FALSE,
Yes,Yes,workingSetInstructions,workingPatternStipulated,workerLocationFixed,MEDIUM,FALSE,
Yes,Yes,workerCanGetInstructed,workingPatternStipulated,workerLocationFixed,MEDIUM,FALSE,
Yes,Yes,workerDecidesToClientSatisfaction,workingPatternStipulated,workerLocationFixed,MEDIUM,FALSE,
Yes,Yes,WorkerFullyDecides,workingPatternStipulated,workerLocationFixed,MEDIUM,FALSE,
Sometimes,No,workingSetInstructions,workingPatternStipulated,workerLocationFixed,MEDIUM,FALSE,
Sometimes,No,workerCanGetInstructed,workingPatternStipulated,workerLocationFixed,MEDIUM,FALSE,
Sometimes,No,workerDecidesToClientSatisfaction,workingPatternStipulated,workerLocationFixed,MEDIUM,FALSE,
Sometimes,No,WorkerFullyDecides,workingPatternStipulated,workerLocationFixed,MEDIUM,FALSE,
Sometimes,Yes,workingSetInstructions,workingPatternStipulated,workerLocationFixed,HIGH,FALSE,
Sometimes,Yes,workerCanGetInstructed,workingPatternStipulated,workerLocationFixed,HIGH,FALSE,
Sometimes,Yes,workerDecidesToClientSatisfaction,workingPatternStipulated,workerLocationFixed,MEDIUM,FALSE,
Sometimes,Yes,WorkerFullyDecides,workingPatternStipulated,workerLocationFixed,MEDIUM,FALSE,